{"cameraMode":{"drawMode":0,"name":"Shaded","section":"Shading Mode"},"sceneLighting":true,"audioPlay":false,"sceneViewState":{"m_AlwaysRefresh":false,"showFog":true,"showSkybox":true,"showFlares":true,"showImageEffects":true,"showParticleSystems":true,"showVisualEffectGraphs":true,"m_FxEnabled":true},"in2DMode":false,"pivot":{"x":1.8368844985961915,"y":-3.8386735916137697,"z":-2.87313175201416},"rotation":{"x":0.09112287312746048,"y":-0.9082448482513428,"z":0.30603116750717165,"w":0.27043673396110537},"size":15.902634620666504,"orthographic":false}