{"cameraMode":{"drawMode":0,"name":"Shaded","section":"Shading Mode"},"sceneLighting":true,"audioPlay":false,"sceneViewState":{"m_AlwaysRefresh":false,"showFog":true,"showSkybox":true,"showFlares":true,"showImageEffects":true,"showParticleSystems":true,"showVisualEffectGraphs":true,"m_FxEnabled":true},"in2DMode":false,"pivot":{"x":0.07815629243850708,"y":1.2432154417037964,"z":-0.7351210117340088},"rotation":{"x":0.007211199961602688,"y":-0.9818294048309326,"z":0.18577224016189576,"w":0.03811017423868179},"size":1.9290353059768677,"orthographic":false}