{"cameraMode":{"drawMode":0,"name":"Shaded","section":"Shading Mode"},"sceneLighting":true,"audioPlay":false,"sceneViewState":{"m_AlwaysRefresh":false,"showFog":true,"showSkybox":true,"showFlares":true,"showImageEffects":true,"showParticleSystems":true,"showVisualEffectGraphs":true,"m_FxEnabled":true},"in2DMode":false,"pivot":{"x":-5.5405659675598148,"y":1.1111805438995362,"z":0.5207500457763672},"rotation":{"x":0.28789064288139346,"y":0.47734126448631289,"z":-0.16906674206256867,"w":0.81282639503479},"size":4.649474143981934,"orthographic":false}