{"cameraMode":{"drawMode":0,"name":"Shaded","section":"Shading Mode"},"sceneLighting":false,"audioPlay":false,"sceneViewState":{"m_AlwaysRefresh":false,"showFog":true,"showSkybox":false,"showFlares":true,"showImageEffects":true,"showParticleSystems":true,"showVisualEffectGraphs":true,"m_FxEnabled":true},"in2DMode":false,"pivot":{"x":-0.6901863813400269,"y":0.6829607486724854,"z":-0.2869305908679962},"rotation":{"x":0.18538250029087068,"y":0.8126218318939209,"z":-0.42099693417549136,"w":0.3578355014324188},"size":1.243909478187561,"orthographic":false}