{"cameraMode":{"drawMode":0,"name":"Shaded","section":"Shading Mode"},"sceneLighting":false,"audioPlay":false,"sceneViewState":{"m_AlwaysRefresh":false,"showFog":true,"showSkybox":false,"showFlares":true,"showImageEffects":true,"showParticleSystems":true,"showVisualEffectGraphs":true,"m_FxEnabled":true},"in2DMode":false,"pivot":{"x":-0.6901863813400269,"y":0.6829607486724854,"z":-0.2869305908679962},"rotation":{"x":0.24593235552310944,"y":0.2575344443321228,"z":-0.06795893609523773,"w":0.9319818615913391},"size":1.5720710754394532,"orthographic":false}